[
  {"id":1,"from":"Eryn Ballendine","email":"eballendine0@time.com","received":"2020-01-10T04:58:41Z","subject":"nisl nunc","content":"Suspendisse accumsan tortor quis turpis. Sed ante. Vivamus tortor. Duis mattis egestas metus. Aenean fermentum.","trash":false},
  {"id":2,"from":"Abby Rolin","email":"arolin1@51.la","received":"2020-04-10T00:56:46Z","subject":"pellentesque eget","content":"Cras mi pede, malesuada in, imperdiet et, commodo vulputate, justo.","trash":true},
  {"id":3,"from":"Jonis McBrady","email":"jmcbrady2@umich.edu","received":"2020-07-04T13:54:10Z","subject":"lobortis vel","content":"Proin leo odio, porttitor id, consequat in, consequat ut, nulla.","trash":false},
  {"id":4,"from":"Ellyn McCleverty","email":"emccleverty3@loc.gov","received":"2019-12-09T23:20:11Z","subject":"sit amet nunc viverra","content":"Lorem ipsum dolor sit amet, consectetuer adipiscing elit.","trash":false},
  {"id":5,"from":"Emmaline Cobbled","email":"ecobbled4@apple.com","received":"2020-03-05T06:41:32Z","subject":"quis orci nullam molestie nibh","content":"Nam dui. Proin leo odio, porttitor id, consequat in, consequat ut, nulla.","trash":false},
  {"id":6,"from":"Lorena Babon","email":"lbabon5@sina.com.cn","received":"2020-09-25T21:12:37Z","subject":"massa id nisl venenatis lacinia","content":"Nulla nisl. Nunc nisl. Duis bibendum, felis sed interdum venenatis, turpis enim blandit mi, in porttitor pede justo eu massa. Donec dapibus. Duis at velit eu est congue elementum.","trash":false},
  {"id":7,"from":"Erek Phettiplace","email":"ephettiplace6@lulu.com","received":"2020-02-13T21:23:22Z","subject":"ultrices vel","content":"In hac habitasse platea dictumst. Maecenas ut massa quis augue luctus tincidunt. Nulla mollis molestie lorem.","trash":true},
  {"id":8,"from":"Carlin O'Kinneally","email":"cokinneally7@gov.uk","received":"2020-10-14T21:41:01Z","subject":"sodales sed tincidunt eu","content":"Sed accumsan felis. Ut at dolor quis odio consequat varius. Integer ac leo. Pellentesque ultrices mattis odio. Donec vitae nisi. Nam ultrices, libero non mattis pulvinar, nulla pede ullamcorper augue, a suscipit nulla elit ac nulla.","trash":true},
  {"id":9,"from":"Karen Kleinhaus","email":"kkleinhaus8@hhs.gov","received":"2020-08-04T16:38:44Z","subject":"morbi sem mauris","content":"Aenean fermentum. Donec ut mauris eget massa tempor convallis. Nulla neque libero, convallis eget, eleifend luctus, ultricies eu, nibh. Quisque id justo sit amet sapien dignissim vestibulum. Vestibulum ante ipsum primis in faucibus orci luctus et ultrices posuere cubilia Curae; Nulla dapibus dolor vel est.","trash":false},
  {"id":10,"from":"Elnora Reimers","email":"ereimers9@plala.or.jp","received":"2019-12-06T11:08:40Z","subject":"ante ipsum primis","content":"Morbi odio odio, elementum eu, interdum eu, tincidunt in, leo.","trash":true},
  {"id":11,"from":"Herminia Nichols","email":"hnicholsa@amazon.com","received":"2020-09-13T19:02:56Z","subject":"feugiat et eros","content":"Aenean fermentum. Donec ut mauris eget massa tempor convallis.","trash":true},
  {"id":12,"from":"Ruth Pourvoieur","email":"rpourvoieurb@nih.gov","received":"2020-08-26T11:51:35Z","subject":"pellentesque eget","content":"Nullam sit amet turpis elementum ligula vehicula consequat. Morbi a ipsum. Integer a nibh. In quis justo.","trash":false},
  {"id":13,"from":"Grayce Bosden","email":"gbosdenc@cnn.com","received":"2020-04-19T22:34:56Z","subject":"nulla suspendisse potenti","content":"Fusce lacus purus, aliquet at, feugiat non, pretium quis, lectus. Suspendisse potenti. In eleifend quam a odio.","trash":false},
  {"id":14,"from":"Nelli Shailer","email":"nshailerd@liveinternet.ru","received":"2020-09-22T19:23:22Z","subject":"etiam justo etiam","content":"Sed ante. Vivamus tortor. Duis mattis egestas metus. Aenean fermentum. Donec ut mauris eget massa tempor convallis.","trash":false},
  {"id":15,"from":"Camey Hallbord","email":"challborde@purevolume.com","received":"2020-07-04T10:46:53Z","subject":"orci luctus","content":"Morbi porttitor lorem id ligula. Suspendisse ornare consequat lectus. In est risus, auctor sed, tristique in, tempus sit amet, sem. Fusce consequat. Nulla nisl.","trash":true},
  {"id":16,"from":"Donni Seman","email":"dsemanf@businessinsider.com","received":"2020-07-17T16:06:38Z","subject":"eget tincidunt eget tempus vel","content":"Cras in purus eu magna vulputate luctus. Cum sociis natoque penatibus et magnis dis parturient montes, nascetur ridiculus mus. Vivamus vestibulum sagittis sapien. Cum sociis natoque penatibus et magnis dis parturient montes, nascetur ridiculus mus. Etiam vel augue. Vestibulum rutrum rutrum neque.","trash":false},
  {"id":17,"from":"Marcile Gobbett","email":"mgobbettg@jiathis.com","received":"2020-03-31T05:46:11Z","subject":"platea dictumst maecenas ut massa","content":"Praesent blandit lacinia erat. Vestibulum sed magna at nunc commodo placerat. Praesent blandit. Nam nulla. Integer pede justo, lacinia eget, tincidunt eget, tempus vel, pede.","trash":true},
  {"id":18,"from":"Carver Benian","email":"cbenianh@ezinearticles.com","received":"2019-11-10T04:04:30Z","subject":"consequat in consequat ut","content":"Donec vitae nisi. Nam ultrices, libero non mattis pulvinar, nulla pede ullamcorper augue, a suscipit nulla elit ac nulla.","trash":true},
  {"id":19,"from":"Bink Liggett","email":"bliggetti@123-reg.co.uk","received":"2020-03-20T16:41:59Z","subject":"lectus pellentesque at nulla","content":"Integer ac leo.","trash":true},
  {"id":20,"from":"Roy Setch","email":"rsetchj@dropbox.com","received":"2020-06-08T22:18:26Z","subject":"odio consequat varius integer","content":"Integer tincidunt ante vel ipsum. Praesent blandit lacinia erat. Vestibulum sed magna at nunc commodo placerat. Praesent blandit.","trash":false},
  {"id":21,"from":"Agace Canacott","email":"acanacottk@purevolume.com","received":"2020-09-25T03:47:33Z","subject":"sed sagittis nam congue","content":"Ut at dolor quis odio consequat varius. Integer ac leo. Pellentesque ultrices mattis odio. Donec vitae nisi. Nam ultrices, libero non mattis pulvinar, nulla pede ullamcorper augue, a suscipit nulla elit ac nulla. Sed vel enim sit amet nunc viverra dapibus.","trash":false},
  {"id":22,"from":"Melloney Cordelet","email":"mcordeletl@dyndns.org","received":"2020-08-08T14:17:08Z","subject":"ultrices mattis","content":"Aenean sit amet justo. Morbi ut odio. Cras mi pede, malesuada in, imperdiet et, commodo vulputate, justo. In blandit ultrices enim.","trash":true},
  {"id":23,"from":"Em Spray","email":"espraym@merriam-webster.com","received":"2020-07-09T18:20:47Z","subject":"volutpat in","content":"Vestibulum rutrum rutrum neque. Aenean auctor gravida sem. Praesent id massa id nisl venenatis lacinia. Aenean sit amet justo.","trash":false},
  {"id":24,"from":"Giulietta Wetherick","email":"gwetherickn@de.vu","received":"2020-01-17T09:12:40Z","subject":"viverra eget congue eget","content":"Vestibulum rutrum rutrum neque. Aenean auctor gravida sem. Praesent id massa id nisl venenatis lacinia. Aenean sit amet justo. Morbi ut odio.","trash":true},
  {"id":25,"from":"Lyndsay Sainteau","email":"lsainteauo@yahoo.com","received":"2020-06-10T08:28:27Z","subject":"aenean lectus pellentesque eget nunc","content":"Proin leo odio, porttitor id, consequat in, consequat ut, nulla. Sed accumsan felis. Ut at dolor quis odio consequat varius.","trash":false},
  {"id":26,"from":"Gabi Udden","email":"guddenp@twitter.com","received":"2019-11-24T05:46:56Z","subject":"sapien quis libero nullam","content":"Suspendisse accumsan tortor quis turpis. Sed ante. Vivamus tortor. Duis mattis egestas metus. Aenean fermentum. Donec ut mauris eget massa tempor convallis.","trash":false},
  {"id":27,"from":"Hayden Tubbles","email":"htubblesq@cloudflare.com","received":"2020-10-12T15:09:11Z","subject":"amet diam in magna bibendum","content":"Aliquam augue quam, sollicitudin vitae, consectetuer eget, rutrum at, lorem.","trash":true},
  {"id":28,"from":"Zechariah Carvilla","email":"zcarvillar@purevolume.com","received":"2020-05-02T12:43:55Z","subject":"vivamus in","content":"Pellentesque ultrices mattis odio.","trash":true},
  {"id":29,"from":"Angela Di Biasi","email":"adis@businesswire.com","received":"2020-03-12T20:18:55Z","subject":"ut erat curabitur","content":"Donec ut dolor.","trash":false},
  {"id":30,"from":"Lucia Sigfrid","email":"lsigfridt@xing.com","received":"2020-09-16T13:11:58Z","subject":"at velit","content":"Nulla ut erat id mauris vulputate elementum. Nullam varius. Nulla facilisi. Cras non velit nec nisi vulputate nonummy. Maecenas tincidunt lacus at velit. Vivamus vel nulla eget eros elementum pellentesque.","trash":true},
  {"id":31,"from":"Kimball Dedam","email":"kdedamu@reddit.com","received":"2020-06-02T06:33:15Z","subject":"tempor convallis","content":"Nunc rhoncus dui vel sem. Sed sagittis.","trash":false},
  {"id":32,"from":"Wiley Potts","email":"wpottsv@salon.com","received":"2020-04-27T09:58:34Z","subject":"bibendum morbi non quam","content":"In eleifend quam a odio.","trash":true},
  {"id":33,"from":"Harp Mourgue","email":"hmourguew@soundcloud.com","received":"2020-05-29T11:14:58Z","subject":"porttitor lacus","content":"Aliquam quis turpis eget elit sodales scelerisque. Mauris sit amet eros. Suspendisse accumsan tortor quis turpis. Sed ante. Vivamus tortor. Duis mattis egestas metus.","trash":true},
  {"id":34,"from":"Bert Busfield","email":"bbusfieldx@ihg.com","received":"2020-08-11T08:52:47Z","subject":"orci luctus et ultrices","content":"Suspendisse ornare consequat lectus.","trash":true},
  {"id":35,"from":"Edin Rayburn","email":"erayburny@sourceforge.net","received":"2020-10-17T17:15:46Z","subject":"viverra dapibus nulla suscipit ligula","content":"Nunc rhoncus dui vel sem. Sed sagittis. Nam congue, risus semper porta volutpat, quam pede lobortis ligula, sit amet eleifend pede libero quis orci. Nullam molestie nibh in lectus. Pellentesque at nulla. Suspendisse potenti.","trash":false},
  {"id":36,"from":"Saxon Kersting","email":"skerstingz@nba.com","received":"2020-08-16T01:01:16Z","subject":"nisi at","content":"Donec odio justo, sollicitudin ut, suscipit a, feugiat et, eros. Vestibulum ac est lacinia nisi venenatis tristique. Fusce congue, diam id ornare imperdiet, sapien urna pretium nisl, ut volutpat sapien arcu sed augue. Aliquam erat volutpat. In congue. Etiam justo.","trash":false},
  {"id":37,"from":"Israel Harriagn","email":"iharriagn10@stanford.edu","received":"2020-05-06T08:58:04Z","subject":"nullam porttitor lacus at turpis","content":"Duis consequat dui nec nisi volutpat eleifend. Donec ut dolor. Morbi vel lectus in quam fringilla rhoncus. Mauris enim leo, rhoncus sed, vestibulum sit amet, cursus id, turpis. Integer aliquet, massa id lobortis convallis, tortor risus dapibus augue, vel accumsan tellus nisi eu orci. Mauris lacinia sapien quis libero.","trash":true},
  {"id":38,"from":"Zabrina MacLice","email":"zmaclice11@geocities.com","received":"2020-09-06T10:56:50Z","subject":"dapibus dolor","content":"In hac habitasse platea dictumst. Morbi vestibulum, velit id pretium iaculis, diam erat fermentum justo, nec condimentum neque sapien placerat ante. Nulla justo. Aliquam quis turpis eget elit sodales scelerisque. Mauris sit amet eros.","trash":false},
  {"id":39,"from":"Elicia Clere","email":"eclere12@hostgator.com","received":"2020-04-12T17:36:15Z","subject":"sit amet","content":"In quis justo. Maecenas rhoncus aliquam lacus. Morbi quis tortor id nulla ultrices aliquet. Maecenas leo odio, condimentum id, luctus nec, molestie sed, justo. Pellentesque viverra pede ac diam. Cras pellentesque volutpat dui.","trash":false},
  {"id":40,"from":"Jed Knappe","email":"jknappe13@europa.eu","received":"2020-07-15T13:45:51Z","subject":"primis in","content":"Etiam justo. Etiam pretium iaculis justo.","trash":false},
  {"id":41,"from":"Carola Duthie","email":"cduthie14@mlb.com","received":"2020-02-10T17:14:14Z","subject":"magna vestibulum aliquet","content":"Aliquam erat volutpat.","trash":true},
  {"id":42,"from":"Elnora Marven","email":"emarven15@last.fm","received":"2019-12-03T23:59:23Z","subject":"lobortis sapien sapien non mi","content":"Curabitur gravida nisi at nibh. In hac habitasse platea dictumst. Aliquam augue quam, sollicitudin vitae, consectetuer eget, rutrum at, lorem.","trash":false},
  {"id":43,"from":"Eilis Thick","email":"ethick16@slideshare.net","received":"2020-03-14T01:49:12Z","subject":"justo in hac","content":"Nulla ut erat id mauris vulputate elementum. Nullam varius. Nulla facilisi.","trash":true},
  {"id":44,"from":"Isak Rennocks","email":"irennocks17@wordpress.org","received":"2020-06-26T08:58:33Z","subject":"eu magna","content":"Phasellus id sapien in sapien iaculis congue. Vivamus metus arcu, adipiscing molestie, hendrerit at, vulputate vitae, nisl.","trash":true},
  {"id":45,"from":"Pebrook Pirkis","email":"ppirkis18@tumblr.com","received":"2020-02-24T06:06:58Z","subject":"habitasse platea dictumst aliquam augue","content":"Morbi quis tortor id nulla ultrices aliquet. Maecenas leo odio, condimentum id, luctus nec, molestie sed, justo. Pellentesque viverra pede ac diam.","trash":false},
  {"id":46,"from":"Thornton Stachini","email":"tstachini19@wikia.com","received":"2020-04-16T01:49:05Z","subject":"magnis dis parturient montes nascetur","content":"Quisque porta volutpat erat. Quisque erat eros, viverra eget, congue eget, semper rutrum, nulla. Nunc purus. Phasellus in felis.","trash":true},
  {"id":47,"from":"Tiphany Claughton","email":"tclaughton1a@pen.io","received":"2020-07-28T19:00:25Z","subject":"in faucibus orci luctus et","content":"Integer pede justo, lacinia eget, tincidunt eget, tempus vel, pede. Morbi porttitor lorem id ligula. Suspendisse ornare consequat lectus.","trash":true},
  {"id":48,"from":"Guy Scotchmore","email":"gscotchmore1b@artisteer.com","received":"2020-03-22T04:28:03Z","subject":"non mattis pulvinar nulla pede","content":"Maecenas pulvinar lobortis est. Phasellus sit amet erat. Nulla tempus. Vivamus in felis eu sapien cursus vestibulum.","trash":false},
  {"id":49,"from":"Jodi Folkerts","email":"jfolkerts1c@patch.com","received":"2020-03-06T07:08:26Z","subject":"rhoncus sed vestibulum","content":"Nullam orci pede, venenatis non, sodales sed, tincidunt eu, felis. Fusce posuere felis sed lacus. Morbi sem mauris, laoreet ut, rhoncus aliquet, pulvinar sed, nisl. Nunc rhoncus dui vel sem. Sed sagittis. Nam congue, risus semper porta volutpat, quam pede lobortis ligula, sit amet eleifend pede libero quis orci.","trash":false},
  {"id":50,"from":"Fanny Chaddock","email":"fchaddock1d@tripod.com","received":"2020-04-17T13:55:10Z","subject":"libero quis orci","content":"Vivamus in felis eu sapien cursus vestibulum. Proin eu mi. Nulla ac enim. In tempor, turpis nec euismod scelerisque, quam turpis adipiscing lorem, vitae mattis nibh ligula nec sem.","trash":true},
  {"id":51,"from":"Thea Mackrill","email":"tmackrill1e@pbs.org","received":"2020-08-07T08:22:50Z","subject":"urna pretium","content":"Nulla ut erat id mauris vulputate elementum. Nullam varius. Nulla facilisi. Cras non velit nec nisi vulputate nonummy. Maecenas tincidunt lacus at velit. Vivamus vel nulla eget eros elementum pellentesque.","trash":false},
  {"id":52,"from":"Eyde Yantsev","email":"eyantsev1f@wired.com","received":"2019-12-14T07:28:02Z","subject":"in lacus","content":"Mauris ullamcorper purus sit amet nulla. Quisque arcu libero, rutrum ac, lobortis vel, dapibus at, diam. Nam tristique tortor eu pede.","trash":false},
  {"id":53,"from":"Karina Greenham","email":"kgreenham1g@nps.gov","received":"2020-01-19T15:50:32Z","subject":"amet nulla","content":"In tempor, turpis nec euismod scelerisque, quam turpis adipiscing lorem, vitae mattis nibh ligula nec sem. Duis aliquam convallis nunc. Proin at turpis a pede posuere nonummy. Integer non velit.","trash":false},
  {"id":54,"from":"Celene McDuall","email":"cmcduall1h@phpbb.com","received":"2020-05-14T05:42:45Z","subject":"consequat lectus in est","content":"Nulla tempus. Vivamus in felis eu sapien cursus vestibulum. Proin eu mi. Nulla ac enim.","trash":true},
  {"id":55,"from":"Hillel Geffe","email":"hgeffe1i@ed.gov","received":"2019-12-13T20:27:20Z","subject":"et commodo vulputate","content":"Aenean sit amet justo. Morbi ut odio. Cras mi pede, malesuada in, imperdiet et, commodo vulputate, justo. In blandit ultrices enim. Lorem ipsum dolor sit amet, consectetuer adipiscing elit. Proin interdum mauris non ligula pellentesque ultrices.","trash":false},
  {"id":56,"from":"Ashlan Athy","email":"aathy1j@adobe.com","received":"2019-12-20T19:31:19Z","subject":"orci luctus et ultrices","content":"Vestibulum rutrum rutrum neque. Aenean auctor gravida sem. Praesent id massa id nisl venenatis lacinia. Aenean sit amet justo. Morbi ut odio. Cras mi pede, malesuada in, imperdiet et, commodo vulputate, justo.","trash":false},
  {"id":57,"from":"Iorgo Boxhall","email":"iboxhall1k@weebly.com","received":"2020-01-13T11:55:02Z","subject":"sit amet","content":"Integer ac neque. Duis bibendum. Morbi non quam nec dui luctus rutrum. Nulla tellus.","trash":false},
  {"id":58,"from":"Wilbert Crankshaw","email":"wcrankshaw1l@webeden.co.uk","received":"2020-03-11T23:23:35Z","subject":"etiam pretium","content":"Mauris enim leo, rhoncus sed, vestibulum sit amet, cursus id, turpis. Integer aliquet, massa id lobortis convallis, tortor risus dapibus augue, vel accumsan tellus nisi eu orci. Mauris lacinia sapien quis libero. Nullam sit amet turpis elementum ligula vehicula consequat. Morbi a ipsum.","trash":false},
  {"id":59,"from":"Natka Keyes","email":"nkeyes1m@skype.com","received":"2020-01-17T20:58:57Z","subject":"in porttitor pede justo","content":"Fusce congue, diam id ornare imperdiet, sapien urna pretium nisl, ut volutpat sapien arcu sed augue. Aliquam erat volutpat. In congue. Etiam justo. Etiam pretium iaculis justo. In hac habitasse platea dictumst.","trash":false},
  {"id":60,"from":"Nola Grisley","email":"ngrisley1n@loc.gov","received":"2020-01-07T08:27:51Z","subject":"interdum mauris non","content":"Nulla neque libero, convallis eget, eleifend luctus, ultricies eu, nibh.","trash":false},
  {"id":61,"from":"Cate Matthews","email":"cmatthews1o@sfgate.com","received":"2019-11-09T18:30:51Z","subject":"nascetur ridiculus mus etiam","content":"Integer ac leo. Pellentesque ultrices mattis odio. Donec vitae nisi.","trash":true},
  {"id":62,"from":"Arty Youdell","email":"ayoudell1p@phpbb.com","received":"2019-12-31T22:27:47Z","subject":"ligula vehicula consequat morbi a","content":"Phasellus id sapien in sapien iaculis congue. Vivamus metus arcu, adipiscing molestie, hendrerit at, vulputate vitae, nisl. Aenean lectus. Pellentesque eget nunc.","trash":false},
  {"id":63,"from":"Cordy Bicksteth","email":"cbicksteth1q@shop-pro.jp","received":"2019-11-11T00:07:41Z","subject":"faucibus cursus urna ut","content":"Vivamus vel nulla eget eros elementum pellentesque.","trash":true},
  {"id":64,"from":"Osmund Stancliffe","email":"ostancliffe1r@cdc.gov","received":"2019-12-20T16:00:41Z","subject":"non pretium quis lectus suspendisse","content":"Proin eu mi. Nulla ac enim. In tempor, turpis nec euismod scelerisque, quam turpis adipiscing lorem, vitae mattis nibh ligula nec sem. Duis aliquam convallis nunc. Proin at turpis a pede posuere nonummy.","trash":true},
  {"id":65,"from":"Elvyn Lindores","email":"elindores1s@wikimedia.org","received":"2020-04-29T16:26:43Z","subject":"tortor id nulla","content":"Quisque id justo sit amet sapien dignissim vestibulum. Vestibulum ante ipsum primis in faucibus orci luctus et ultrices posuere cubilia Curae; Nulla dapibus dolor vel est.","trash":false},
  {"id":66,"from":"Killian Bethel","email":"kbethel1t@reverbnation.com","received":"2020-09-15T12:01:44Z","subject":"mattis odio","content":"Duis bibendum, felis sed interdum venenatis, turpis enim blandit mi, in porttitor pede justo eu massa. Donec dapibus. Duis at velit eu est congue elementum. In hac habitasse platea dictumst. Morbi vestibulum, velit id pretium iaculis, diam erat fermentum justo, nec condimentum neque sapien placerat ante. Nulla justo.","trash":false},
  {"id":67,"from":"Wilfred Thonger","email":"wthonger1u@ameblo.jp","received":"2020-03-05T04:57:16Z","subject":"nisl venenatis lacinia aenean","content":"Donec semper sapien a libero.","trash":false},
  {"id":68,"from":"Elias Spurdle","email":"espurdle1v@privacy.gov.au","received":"2020-02-23T22:11:55Z","subject":"nulla facilisi cras","content":"Nunc rhoncus dui vel sem.","trash":false},
  {"id":69,"from":"Rickey Littlejohns","email":"rlittlejohns1w@dmoz.org","received":"2020-04-02T08:12:12Z","subject":"neque duis","content":"Morbi porttitor lorem id ligula. Suspendisse ornare consequat lectus.","trash":false},
  {"id":70,"from":"Nev Plester","email":"nplester1x@stumbleupon.com","received":"2020-02-23T07:40:04Z","subject":"velit donec","content":"Donec ut dolor.","trash":false},
  {"id":71,"from":"Codi Hamp","email":"champ1y@newyorker.com","received":"2020-07-21T15:35:43Z","subject":"donec vitae nisi nam","content":"Cras mi pede, malesuada in, imperdiet et, commodo vulputate, justo.","trash":false},
  {"id":72,"from":"Kissee Chatteris","email":"kchatteris1z@photobucket.com","received":"2020-05-17T03:00:38Z","subject":"elit proin","content":"Cras in purus eu magna vulputate luctus. Cum sociis natoque penatibus et magnis dis parturient montes, nascetur ridiculus mus. Vivamus vestibulum sagittis sapien. Cum sociis natoque penatibus et magnis dis parturient montes, nascetur ridiculus mus. Etiam vel augue. Vestibulum rutrum rutrum neque.","trash":true},
  {"id":73,"from":"Elsi Bullivent","email":"ebullivent20@etsy.com","received":"2020-03-14T20:55:41Z","subject":"euismod scelerisque quam","content":"Morbi quis tortor id nulla ultrices aliquet. Maecenas leo odio, condimentum id, luctus nec, molestie sed, justo. Pellentesque viverra pede ac diam.","trash":false},
  {"id":74,"from":"Fidole Geale","email":"fgeale21@so-net.ne.jp","received":"2020-04-04T13:05:28Z","subject":"cubilia curae mauris","content":"Sed ante. Vivamus tortor. Duis mattis egestas metus. Aenean fermentum. Donec ut mauris eget massa tempor convallis. Nulla neque libero, convallis eget, eleifend luctus, ultricies eu, nibh.","trash":true},
  {"id":75,"from":"Cynde Ensley","email":"censley22@hud.gov","received":"2020-04-21T13:44:00Z","subject":"sed augue aliquam erat volutpat","content":"Sed ante.","trash":true},
  {"id":76,"from":"Chrissy Radenhurst","email":"cradenhurst23@meetup.com","received":"2019-12-08T11:48:23Z","subject":"consequat ut nulla","content":"Vestibulum ante ipsum primis in faucibus orci luctus et ultrices posuere cubilia Curae; Mauris viverra diam vitae quam. Suspendisse potenti. Nullam porttitor lacus at turpis. Donec posuere metus vitae ipsum. Aliquam non mauris.","trash":true},
  {"id":77,"from":"Rorke Williams","email":"rwilliams24@acquirethisname.com","received":"2020-08-16T20:24:05Z","subject":"convallis morbi","content":"Maecenas rhoncus aliquam lacus.","trash":true},
  {"id":78,"from":"Gwenette Exroll","email":"gexroll25@va.gov","received":"2020-09-23T20:50:54Z","subject":"justo morbi ut odio","content":"Vestibulum ante ipsum primis in faucibus orci luctus et ultrices posuere cubilia Curae; Duis faucibus accumsan odio. Curabitur convallis. Duis consequat dui nec nisi volutpat eleifend. Donec ut dolor.","trash":true},
  {"id":79,"from":"Waite Bru","email":"wbru26@dell.com","received":"2020-08-25T20:36:09Z","subject":"condimentum neque sapien placerat","content":"Maecenas tincidunt lacus at velit.","trash":false},
  {"id":80,"from":"Witty Schultes","email":"wschultes27@redcross.org","received":"2020-04-18T03:15:15Z","subject":"neque aenean auctor gravida","content":"Cras pellentesque volutpat dui. Maecenas tristique, est et tempus semper, est quam pharetra magna, ac consequat metus sapien ut nunc. Vestibulum ante ipsum primis in faucibus orci luctus et ultrices posuere cubilia Curae; Mauris viverra diam vitae quam. Suspendisse potenti. Nullam porttitor lacus at turpis.","trash":false},
  {"id":81,"from":"Camille Fold","email":"cfold28@springer.com","received":"2020-08-22T22:39:10Z","subject":"est donec odio","content":"Praesent blandit. Nam nulla. Integer pede justo, lacinia eget, tincidunt eget, tempus vel, pede. Morbi porttitor lorem id ligula.","trash":false},
  {"id":82,"from":"Ertha Eager","email":"eeager29@apple.com","received":"2019-12-21T21:00:39Z","subject":"libero non","content":"Proin at turpis a pede posuere nonummy.","trash":true},
  {"id":83,"from":"Noel Jeanon","email":"njeanon2a@tumblr.com","received":"2020-03-20T06:24:49Z","subject":"nisl venenatis lacinia","content":"Morbi porttitor lorem id ligula. Suspendisse ornare consequat lectus. In est risus, auctor sed, tristique in, tempus sit amet, sem. Fusce consequat. Nulla nisl.","trash":true},
  {"id":84,"from":"Layton Gorham","email":"lgorham2b@last.fm","received":"2020-09-06T18:03:33Z","subject":"interdum mauris","content":"Praesent lectus. Vestibulum quam sapien, varius ut, blandit non, interdum in, ante. Vestibulum ante ipsum primis in faucibus orci luctus et ultrices posuere cubilia Curae; Duis faucibus accumsan odio. Curabitur convallis.","trash":false},
  {"id":85,"from":"Bradley Grossman","email":"bgrossman2c@storify.com","received":"2020-05-02T04:31:07Z","subject":"curabitur gravida nisi at nibh","content":"In hac habitasse platea dictumst. Morbi vestibulum, velit id pretium iaculis, diam erat fermentum justo, nec condimentum neque sapien placerat ante. Nulla justo.","trash":false},
  {"id":86,"from":"Con Toward","email":"ctoward2d@jiathis.com","received":"2020-09-25T16:39:23Z","subject":"gravida sem praesent","content":"Vestibulum rutrum rutrum neque. Aenean auctor gravida sem.","trash":false},
  {"id":87,"from":"Jonas Shoulder","email":"jshoulder2e@zdnet.com","received":"2020-02-15T10:33:53Z","subject":"orci nullam","content":"Duis consequat dui nec nisi volutpat eleifend. Donec ut dolor. Morbi vel lectus in quam fringilla rhoncus.","trash":true},
  {"id":88,"from":"Clarence Scandwright","email":"cscandwright2f@privacy.gov.au","received":"2020-10-23T15:03:51Z","subject":"ligula pellentesque","content":"Integer tincidunt ante vel ipsum. Praesent blandit lacinia erat.","trash":false},
  {"id":89,"from":"Nomi Tebbet","email":"ntebbet2g@amazon.de","received":"2020-04-03T23:53:43Z","subject":"rutrum at lorem integer","content":"Quisque erat eros, viverra eget, congue eget, semper rutrum, nulla. Nunc purus. Phasellus in felis. Donec semper sapien a libero. Nam dui.","trash":false},
  {"id":90,"from":"Anatola Murrells","email":"amurrells2h@instagram.com","received":"2019-12-02T22:49:32Z","subject":"sodales scelerisque mauris sit","content":"Integer pede justo, lacinia eget, tincidunt eget, tempus vel, pede. Morbi porttitor lorem id ligula. Suspendisse ornare consequat lectus. In est risus, auctor sed, tristique in, tempus sit amet, sem. Fusce consequat. Nulla nisl.","trash":false},
  {"id":91,"from":"Geoffry Rex","email":"grex2i@123-reg.co.uk","received":"2020-03-30T22:11:03Z","subject":"id nulla ultrices aliquet maecenas","content":"Vestibulum ante ipsum primis in faucibus orci luctus et ultrices posuere cubilia Curae; Donec pharetra, magna vestibulum aliquet ultrices, erat tortor sollicitudin mi, sit amet lobortis sapien sapien non mi.","trash":false},
  {"id":92,"from":"Emanuele Schmuhl","email":"eschmuhl2j@examiner.com","received":"2020-01-28T00:47:27Z","subject":"libero non mattis","content":"Nulla suscipit ligula in lacus. Curabitur at ipsum ac tellus semper interdum.","trash":true},
  {"id":93,"from":"Nelson Lebel","email":"nlebel2k@unblog.fr","received":"2020-01-24T18:42:41Z","subject":"et magnis dis","content":"In congue.","trash":false},
  {"id":94,"from":"Moore Matovic","email":"mmatovic2l@qq.com","received":"2019-11-24T20:54:13Z","subject":"et commodo vulputate justo in","content":"Aliquam augue quam, sollicitudin vitae, consectetuer eget, rutrum at, lorem. Integer tincidunt ante vel ipsum. Praesent blandit lacinia erat. Vestibulum sed magna at nunc commodo placerat.","trash":false},
  {"id":95,"from":"Guilbert McKall","email":"gmckall2m@arstechnica.com","received":"2020-07-01T03:20:29Z","subject":"augue luctus tincidunt","content":"Praesent blandit lacinia erat. Vestibulum sed magna at nunc commodo placerat.","trash":true},
  {"id":96,"from":"Spencer Parsall","email":"sparsall2n@uiuc.edu","received":"2020-01-06T19:10:17Z","subject":"purus eu magna vulputate","content":"Vestibulum sed magna at nunc commodo placerat.","trash":true},
  {"id":97,"from":"Marcile Otridge","email":"motridge2o@newyorker.com","received":"2020-01-23T12:39:38Z","subject":"id ligula suspendisse","content":"Morbi sem mauris, laoreet ut, rhoncus aliquet, pulvinar sed, nisl. Nunc rhoncus dui vel sem. Sed sagittis.","trash":true},
  {"id":98,"from":"Bevvy Blinerman","email":"bblinerman2p@china.com.cn","received":"2020-01-13T13:42:48Z","subject":"nam ultrices libero","content":"Duis aliquam convallis nunc. Proin at turpis a pede posuere nonummy.","trash":true},
  {"id":99,"from":"Adorne Dunan","email":"adunan2q@ow.ly","received":"2019-12-20T23:08:34Z","subject":"sapien placerat","content":"Donec quis orci eget orci vehicula condimentum. Curabitur in libero ut massa volutpat convallis.","trash":false},
  {"id":100,"from":"Ronny Oake","email":"roake2r@nyu.edu","received":"2020-05-29T04:11:52Z","subject":"nulla neque libero","content":"Nulla tellus. In sagittis dui vel nisl. Duis ac nibh.","trash":false},
  {"id":101,"from":"Almira Gerhold","email":"agerhold2s@hexun.com","received":"2020-09-15T00:57:50Z","subject":"sit amet","content":"Nulla ac enim. In tempor, turpis nec euismod scelerisque, quam turpis adipiscing lorem, vitae mattis nibh ligula nec sem. Duis aliquam convallis nunc. Proin at turpis a pede posuere nonummy.","trash":true},
  {"id":102,"from":"Xavier Desborough","email":"xdesborough2t@marriott.com","received":"2020-01-30T20:02:35Z","subject":"a feugiat","content":"Sed vel enim sit amet nunc viverra dapibus.","trash":false},
  {"id":103,"from":"Jackson Cantor","email":"jcantor2u@digg.com","received":"2020-08-19T09:53:07Z","subject":"posuere cubilia curae duis","content":"Fusce congue, diam id ornare imperdiet, sapien urna pretium nisl, ut volutpat sapien arcu sed augue. Aliquam erat volutpat. In congue.","trash":true},
  {"id":104,"from":"Lee Agates","email":"lagates2v@washington.edu","received":"2020-01-11T11:45:45Z","subject":"nulla tempus vivamus in","content":"Proin leo odio, porttitor id, consequat in, consequat ut, nulla. Sed accumsan felis.","trash":true},
  {"id":105,"from":"Sheelagh Turmel","email":"sturmel2w@mayoclinic.com","received":"2020-05-17T04:34:55Z","subject":"integer ac","content":"Etiam justo. Etiam pretium iaculis justo. In hac habitasse platea dictumst. Etiam faucibus cursus urna. Ut tellus. Nulla ut erat id mauris vulputate elementum.","trash":true},
  {"id":106,"from":"Janie Haycraft","email":"jhaycraft2x@desdev.cn","received":"2020-10-30T14:09:54Z","subject":"donec odio justo sollicitudin","content":"Aliquam erat volutpat.","trash":true},
  {"id":107,"from":"Pierce Bahls","email":"pbahls2y@stanford.edu","received":"2019-12-10T12:00:27Z","subject":"est et tempus","content":"Vestibulum rutrum rutrum neque. Aenean auctor gravida sem. Praesent id massa id nisl venenatis lacinia. Aenean sit amet justo. Morbi ut odio.","trash":false},
  {"id":108,"from":"Ora Succamore","email":"osuccamore2z@utexas.edu","received":"2020-04-06T06:08:38Z","subject":"in ante","content":"Lorem ipsum dolor sit amet, consectetuer adipiscing elit. Proin interdum mauris non ligula pellentesque ultrices. Phasellus id sapien in sapien iaculis congue. Vivamus metus arcu, adipiscing molestie, hendrerit at, vulputate vitae, nisl.","trash":false},
  {"id":109,"from":"Jaquenetta Geering","email":"jgeering30@ucla.edu","received":"2020-10-22T22:37:15Z","subject":"molestie nibh in lectus pellentesque","content":"Nulla tellus. In sagittis dui vel nisl.","trash":true},
  {"id":110,"from":"Job Ameer-Beg","email":"jameerbeg31@ustream.tv","received":"2020-09-28T08:02:17Z","subject":"semper sapien","content":"Duis ac nibh. Fusce lacus purus, aliquet at, feugiat non, pretium quis, lectus.","trash":false},
  {"id":111,"from":"Ara Sexton","email":"asexton32@google.co.jp","received":"2020-06-16T16:43:32Z","subject":"pede posuere nonummy","content":"Proin risus. Praesent lectus. Vestibulum quam sapien, varius ut, blandit non, interdum in, ante. Vestibulum ante ipsum primis in faucibus orci luctus et ultrices posuere cubilia Curae; Duis faucibus accumsan odio. Curabitur convallis.","trash":false},
  {"id":112,"from":"Rouvin Vakhrushev","email":"rvakhrushev33@cocolog-nifty.com","received":"2020-03-21T02:47:34Z","subject":"placerat praesent blandit nam nulla","content":"In tempor, turpis nec euismod scelerisque, quam turpis adipiscing lorem, vitae mattis nibh ligula nec sem. Duis aliquam convallis nunc. Proin at turpis a pede posuere nonummy. Integer non velit. Donec diam neque, vestibulum eget, vulputate ut, ultrices vel, augue. Vestibulum ante ipsum primis in faucibus orci luctus et ultrices posuere cubilia Curae; Donec pharetra, magna vestibulum aliquet ultrices, erat tortor sollicitudin mi, sit amet lobortis sapien sapien non mi.","trash":true},
  {"id":113,"from":"Toddie Leel","email":"tleel34@behance.net","received":"2020-07-05T11:30:47Z","subject":"sapien ut nunc","content":"Donec posuere metus vitae ipsum. Aliquam non mauris. Morbi non lectus. Aliquam sit amet diam in magna bibendum imperdiet. Nullam orci pede, venenatis non, sodales sed, tincidunt eu, felis.","trash":false},
  {"id":114,"from":"Leonanie Goodanew","email":"lgoodanew35@ocn.ne.jp","received":"2020-02-24T09:09:17Z","subject":"consectetuer eget rutrum","content":"Suspendisse potenti. In eleifend quam a odio. In hac habitasse platea dictumst.","trash":false},
  {"id":115,"from":"Tanhya Balma","email":"tbalma36@cpanel.net","received":"2020-02-02T06:15:30Z","subject":"molestie nibh in lectus","content":"In tempor, turpis nec euismod scelerisque, quam turpis adipiscing lorem, vitae mattis nibh ligula nec sem. Duis aliquam convallis nunc.","trash":false},
  {"id":116,"from":"Angelita Malafe","email":"amalafe37@ibm.com","received":"2020-05-08T17:53:40Z","subject":"vitae consectetuer","content":"Vestibulum ante ipsum primis in faucibus orci luctus et ultrices posuere cubilia Curae; Nulla dapibus dolor vel est. Donec odio justo, sollicitudin ut, suscipit a, feugiat et, eros.","trash":true},
  {"id":117,"from":"Obidiah Clyde","email":"oclyde38@gnu.org","received":"2019-12-26T10:47:15Z","subject":"commodo vulputate justo in","content":"In hac habitasse platea dictumst. Etiam faucibus cursus urna. Ut tellus. Nulla ut erat id mauris vulputate elementum. Nullam varius. Nulla facilisi.","trash":false},
  {"id":118,"from":"Dean Warlowe","email":"dwarlowe39@nbcnews.com","received":"2020-06-03T12:45:13Z","subject":"sagittis nam","content":"Integer a nibh. In quis justo.","trash":false},
  {"id":119,"from":"Di Giraudeau","email":"dgiraudeau3a@woothemes.com","received":"2020-10-10T17:34:54Z","subject":"erat curabitur gravida","content":"Maecenas tristique, est et tempus semper, est quam pharetra magna, ac consequat metus sapien ut nunc. Vestibulum ante ipsum primis in faucibus orci luctus et ultrices posuere cubilia Curae; Mauris viverra diam vitae quam.","trash":true},
  {"id":120,"from":"Taddeusz Swann","email":"tswann3b@google.ca","received":"2020-04-30T03:01:50Z","subject":"cubilia curae nulla dapibus dolor","content":"Donec posuere metus vitae ipsum.","trash":true},
  {"id":121,"from":"Shelley Jacklings","email":"sjacklings3c@smh.com.au","received":"2020-06-30T12:35:32Z","subject":"id consequat in consequat ut","content":"Fusce consequat. Nulla nisl.","trash":true},
  {"id":122,"from":"Nanette Trood","email":"ntrood3d@unesco.org","received":"2020-04-03T08:33:55Z","subject":"urna ut tellus nulla","content":"Vestibulum ante ipsum primis in faucibus orci luctus et ultrices posuere cubilia Curae; Mauris viverra diam vitae quam. Suspendisse potenti.","trash":false},
  {"id":123,"from":"Melloney St. Pierre","email":"mst3e@cam.ac.uk","received":"2020-07-07T21:20:52Z","subject":"vitae mattis nibh ligula nec","content":"Aenean lectus. Pellentesque eget nunc. Donec quis orci eget orci vehicula condimentum.","trash":false},
  {"id":124,"from":"Iormina Avramovsky","email":"iavramovsky3f@wix.com","received":"2020-06-05T00:39:16Z","subject":"libero non mattis","content":"Donec vitae nisi. Nam ultrices, libero non mattis pulvinar, nulla pede ullamcorper augue, a suscipit nulla elit ac nulla. Sed vel enim sit amet nunc viverra dapibus.","trash":true},
  {"id":125,"from":"Pail Mesnard","email":"pmesnard3g@mail.ru","received":"2020-04-06T08:23:02Z","subject":"elementum eu interdum eu tincidunt","content":"Vestibulum ante ipsum primis in faucibus orci luctus et ultrices posuere cubilia Curae; Mauris viverra diam vitae quam. Suspendisse potenti. Nullam porttitor lacus at turpis.","trash":true},
  {"id":126,"from":"Carine Temby","email":"ctemby3h@accuweather.com","received":"2020-02-13T16:09:36Z","subject":"accumsan tellus","content":"Fusce posuere felis sed lacus. Morbi sem mauris, laoreet ut, rhoncus aliquet, pulvinar sed, nisl. Nunc rhoncus dui vel sem. Sed sagittis. Nam congue, risus semper porta volutpat, quam pede lobortis ligula, sit amet eleifend pede libero quis orci.","trash":true},
  {"id":127,"from":"Sigfrid Jeandel","email":"sjeandel3i@earthlink.net","received":"2020-01-31T17:54:35Z","subject":"quis odio","content":"Duis consequat dui nec nisi volutpat eleifend. Donec ut dolor.","trash":true},
  {"id":128,"from":"Cordelie Wellan","email":"cwellan3j@sina.com.cn","received":"2020-09-24T06:32:04Z","subject":"erat tortor sollicitudin mi sit","content":"Suspendisse potenti.","trash":false},
  {"id":129,"from":"Fania Rotte","email":"frotte3k@themeforest.net","received":"2020-08-05T21:57:26Z","subject":"volutpat sapien","content":"Proin eu mi.","trash":true},
  {"id":130,"from":"Amata Willingham","email":"awillingham3l@flavors.me","received":"2020-09-20T11:42:21Z","subject":"quis lectus suspendisse potenti","content":"In hac habitasse platea dictumst. Etiam faucibus cursus urna. Ut tellus.","trash":false},
  {"id":131,"from":"Gaylor Stuck","email":"gstuck3m@globo.com","received":"2020-09-25T13:37:44Z","subject":"a suscipit nulla elit","content":"Donec ut dolor. Morbi vel lectus in quam fringilla rhoncus. Mauris enim leo, rhoncus sed, vestibulum sit amet, cursus id, turpis. Integer aliquet, massa id lobortis convallis, tortor risus dapibus augue, vel accumsan tellus nisi eu orci.","trash":true},
  {"id":132,"from":"Rhiamon Birkin","email":"rbirkin3n@mozilla.com","received":"2020-04-26T10:10:49Z","subject":"augue a","content":"Donec odio justo, sollicitudin ut, suscipit a, feugiat et, eros. Vestibulum ac est lacinia nisi venenatis tristique. Fusce congue, diam id ornare imperdiet, sapien urna pretium nisl, ut volutpat sapien arcu sed augue. Aliquam erat volutpat. In congue.","trash":false},
  {"id":133,"from":"Jeffrey Wimms","email":"jwimms3o@meetup.com","received":"2020-10-25T12:57:46Z","subject":"nulla nisl nunc","content":"Nullam molestie nibh in lectus. Pellentesque at nulla. Suspendisse potenti. Cras in purus eu magna vulputate luctus.","trash":false},
  {"id":134,"from":"Karyn Axel","email":"kaxel3p@soup.io","received":"2020-04-20T01:59:11Z","subject":"amet eros","content":"Ut at dolor quis odio consequat varius. Integer ac leo. Pellentesque ultrices mattis odio. Donec vitae nisi. Nam ultrices, libero non mattis pulvinar, nulla pede ullamcorper augue, a suscipit nulla elit ac nulla.","trash":true},
  {"id":135,"from":"Ilka Costen","email":"icosten3q@1688.com","received":"2020-03-16T13:16:14Z","subject":"cras in purus","content":"Donec diam neque, vestibulum eget, vulputate ut, ultrices vel, augue. Vestibulum ante ipsum primis in faucibus orci luctus et ultrices posuere cubilia Curae; Donec pharetra, magna vestibulum aliquet ultrices, erat tortor sollicitudin mi, sit amet lobortis sapien sapien non mi. Integer ac neque. Duis bibendum. Morbi non quam nec dui luctus rutrum.","trash":true},
  {"id":136,"from":"Cordelia Grogan","email":"cgrogan3r@theguardian.com","received":"2020-08-21T15:17:24Z","subject":"vestibulum vestibulum ante","content":"Donec semper sapien a libero. Nam dui. Proin leo odio, porttitor id, consequat in, consequat ut, nulla. Sed accumsan felis.","trash":true},
  {"id":137,"from":"Torin Hallowes","email":"thallowes3s@usda.gov","received":"2020-02-02T02:50:38Z","subject":"in tempus sit amet sem","content":"Cras in purus eu magna vulputate luctus. Cum sociis natoque penatibus et magnis dis parturient montes, nascetur ridiculus mus. Vivamus vestibulum sagittis sapien. Cum sociis natoque penatibus et magnis dis parturient montes, nascetur ridiculus mus. Etiam vel augue.","trash":true},
  {"id":138,"from":"Maryanne Garthshore","email":"mgarthshore3t@eventbrite.com","received":"2020-08-16T11:52:13Z","subject":"tempus vivamus in","content":"Nam nulla. Integer pede justo, lacinia eget, tincidunt eget, tempus vel, pede. Morbi porttitor lorem id ligula.","trash":false},
  {"id":139,"from":"Jeri Manvell","email":"jmanvell3u@springer.com","received":"2020-02-11T20:56:46Z","subject":"integer pede","content":"Nulla ut erat id mauris vulputate elementum. Nullam varius. Nulla facilisi. Cras non velit nec nisi vulputate nonummy. Maecenas tincidunt lacus at velit.","trash":false},
  {"id":140,"from":"Antonino Burnside","email":"aburnside3v@tripadvisor.com","received":"2020-07-27T17:40:35Z","subject":"sit amet eros","content":"Vivamus in felis eu sapien cursus vestibulum. Proin eu mi. Nulla ac enim. In tempor, turpis nec euismod scelerisque, quam turpis adipiscing lorem, vitae mattis nibh ligula nec sem.","trash":true},
  {"id":141,"from":"Marlee Mayes","email":"mmayes3w@wp.com","received":"2020-09-14T21:55:02Z","subject":"nulla quisque","content":"Duis consequat dui nec nisi volutpat eleifend. Donec ut dolor. Morbi vel lectus in quam fringilla rhoncus. Mauris enim leo, rhoncus sed, vestibulum sit amet, cursus id, turpis. Integer aliquet, massa id lobortis convallis, tortor risus dapibus augue, vel accumsan tellus nisi eu orci.","trash":false},
  {"id":142,"from":"Howey Cherrington","email":"hcherrington3x@deviantart.com","received":"2020-05-29T08:12:43Z","subject":"sollicitudin ut suscipit a feugiat","content":"Donec ut dolor. Morbi vel lectus in quam fringilla rhoncus. Mauris enim leo, rhoncus sed, vestibulum sit amet, cursus id, turpis. Integer aliquet, massa id lobortis convallis, tortor risus dapibus augue, vel accumsan tellus nisi eu orci. Mauris lacinia sapien quis libero. Nullam sit amet turpis elementum ligula vehicula consequat.","trash":false},
  {"id":143,"from":"Neall Giametti","email":"ngiametti3y@constantcontact.com","received":"2020-04-12T13:28:01Z","subject":"imperdiet nullam orci pede","content":"Duis aliquam convallis nunc.","trash":false},
  {"id":144,"from":"Jamal Girardini","email":"jgirardini3z@who.int","received":"2020-03-22T03:22:17Z","subject":"accumsan tortor","content":"In sagittis dui vel nisl. Duis ac nibh. Fusce lacus purus, aliquet at, feugiat non, pretium quis, lectus.","trash":true},
  {"id":145,"from":"Patrizio Smissen","email":"psmissen40@mozilla.org","received":"2020-07-19T23:49:54Z","subject":"turpis a","content":"Proin at turpis a pede posuere nonummy.","trash":false},
  {"id":146,"from":"Adoree Moorman","email":"amoorman41@netlog.com","received":"2020-08-15T08:50:59Z","subject":"sed augue","content":"Vivamus in felis eu sapien cursus vestibulum. Proin eu mi.","trash":false},
  {"id":147,"from":"Zenia Collier","email":"zcollier42@google.com.br","received":"2020-02-20T08:54:29Z","subject":"posuere cubilia curae mauris viverra","content":"Sed vel enim sit amet nunc viverra dapibus. Nulla suscipit ligula in lacus. Curabitur at ipsum ac tellus semper interdum.","trash":true},
  {"id":148,"from":"Goldina Warrender","email":"gwarrender43@imdb.com","received":"2020-10-19T09:35:50Z","subject":"rhoncus mauris enim leo","content":"Maecenas tincidunt lacus at velit. Vivamus vel nulla eget eros elementum pellentesque. Quisque porta volutpat erat. Quisque erat eros, viverra eget, congue eget, semper rutrum, nulla.","trash":false},
  {"id":149,"from":"Tamra Lorrain","email":"tlorrain44@printfriendly.com","received":"2020-07-09T04:52:34Z","subject":"tortor risus dapibus","content":"Sed sagittis.","trash":false},
  {"id":150,"from":"Cammy McGrowther","email":"cmcgrowther45@edublogs.org","received":"2020-05-03T07:26:38Z","subject":"lacinia erat vestibulum","content":"Nulla nisl. Nunc nisl. Duis bibendum, felis sed interdum venenatis, turpis enim blandit mi, in porttitor pede justo eu massa. Donec dapibus. Duis at velit eu est congue elementum.","trash":false},
  {"id":151,"from":"Cornelius Jzak","email":"cjzak46@pagesperso-orange.fr","received":"2019-12-12T15:03:40Z","subject":"dictumst morbi vestibulum velit id","content":"Nullam varius. Nulla facilisi. Cras non velit nec nisi vulputate nonummy.","trash":false},
  {"id":152,"from":"Kendall Demsey","email":"kdemsey47@mediafire.com","received":"2020-05-22T01:07:50Z","subject":"orci luctus et","content":"Vestibulum sed magna at nunc commodo placerat. Praesent blandit. Nam nulla.","trash":true},
  {"id":153,"from":"Giffie Gowenlock","email":"ggowenlock48@ucoz.com","received":"2020-05-26T23:11:07Z","subject":"nulla sed vel enim sit","content":"Nam ultrices, libero non mattis pulvinar, nulla pede ullamcorper augue, a suscipit nulla elit ac nulla. Sed vel enim sit amet nunc viverra dapibus. Nulla suscipit ligula in lacus. Curabitur at ipsum ac tellus semper interdum. Mauris ullamcorper purus sit amet nulla.","trash":true},
  {"id":154,"from":"Othilie Boldecke","email":"oboldecke49@jimdo.com","received":"2019-11-16T16:56:37Z","subject":"eleifend luctus","content":"Proin interdum mauris non ligula pellentesque ultrices. Phasellus id sapien in sapien iaculis congue. Vivamus metus arcu, adipiscing molestie, hendrerit at, vulputate vitae, nisl. Aenean lectus.","trash":true},
  {"id":155,"from":"Olenolin Benning","email":"obenning4a@google.fr","received":"2020-06-07T22:47:29Z","subject":"augue quam sollicitudin","content":"Nulla suscipit ligula in lacus.","trash":false},
  {"id":156,"from":"Avivah Neasham","email":"aneasham4b@elegantthemes.com","received":"2020-06-11T10:26:32Z","subject":"eleifend quam a","content":"Etiam justo. Etiam pretium iaculis justo. In hac habitasse platea dictumst.","trash":false},
  {"id":157,"from":"Sebastian Kildale","email":"skildale4c@ed.gov","received":"2020-09-18T16:56:23Z","subject":"nulla sed vel enim sit","content":"Nulla tellus. In sagittis dui vel nisl.","trash":false},
  {"id":158,"from":"Moria Flieg","email":"mflieg4d@un.org","received":"2020-09-29T14:02:58Z","subject":"non lectus aliquam sit amet","content":"Cras in purus eu magna vulputate luctus.","trash":true},
  {"id":159,"from":"Catha Harwell","email":"charwell4e@whitehouse.gov","received":"2020-07-14T18:22:17Z","subject":"ultricies eu nibh","content":"Integer non velit. Donec diam neque, vestibulum eget, vulputate ut, ultrices vel, augue. Vestibulum ante ipsum primis in faucibus orci luctus et ultrices posuere cubilia Curae; Donec pharetra, magna vestibulum aliquet ultrices, erat tortor sollicitudin mi, sit amet lobortis sapien sapien non mi.","trash":true},
  {"id":160,"from":"Talia Teager","email":"tteager4f@domainmarket.com","received":"2020-09-24T00:30:16Z","subject":"ut volutpat","content":"Suspendisse ornare consequat lectus. In est risus, auctor sed, tristique in, tempus sit amet, sem. Fusce consequat. Nulla nisl. Nunc nisl.","trash":true},
  {"id":161,"from":"Simmonds Westman","email":"swestman4g@moonfruit.com","received":"2020-05-25T08:46:29Z","subject":"integer aliquet massa","content":"Suspendisse accumsan tortor quis turpis.","trash":true},
  {"id":162,"from":"Jaimie Hobbert","email":"jhobbert4h@eventbrite.com","received":"2020-09-28T09:04:16Z","subject":"eros vestibulum","content":"Phasellus sit amet erat. Nulla tempus. Vivamus in felis eu sapien cursus vestibulum.","trash":false},
  {"id":163,"from":"Rikki Eagleston","email":"reagleston4i@netvibes.com","received":"2020-06-14T11:55:56Z","subject":"sodales scelerisque mauris","content":"Fusce lacus purus, aliquet at, feugiat non, pretium quis, lectus.","trash":false},
  {"id":164,"from":"Berny Feaviour","email":"bfeaviour4j@google.es","received":"2020-01-13T21:15:01Z","subject":"nunc rhoncus dui","content":"Donec odio justo, sollicitudin ut, suscipit a, feugiat et, eros. Vestibulum ac est lacinia nisi venenatis tristique.","trash":false},
  {"id":165,"from":"Carry Mence","email":"cmence4k@ifeng.com","received":"2020-10-03T00:20:17Z","subject":"nisi vulputate nonummy maecenas tincidunt","content":"Duis bibendum, felis sed interdum venenatis, turpis enim blandit mi, in porttitor pede justo eu massa. Donec dapibus. Duis at velit eu est congue elementum.","trash":true},
  {"id":166,"from":"Danie Rigeby","email":"drigeby4l@ucoz.com","received":"2020-05-29T06:04:19Z","subject":"elit proin","content":"Ut tellus. Nulla ut erat id mauris vulputate elementum. Nullam varius. Nulla facilisi. Cras non velit nec nisi vulputate nonummy. Maecenas tincidunt lacus at velit.","trash":true},
  {"id":167,"from":"Milissent Castenda","email":"mcastenda4m@friendfeed.com","received":"2020-04-26T11:20:16Z","subject":"odio curabitur convallis","content":"Vestibulum ante ipsum primis in faucibus orci luctus et ultrices posuere cubilia Curae; Donec pharetra, magna vestibulum aliquet ultrices, erat tortor sollicitudin mi, sit amet lobortis sapien sapien non mi.","trash":false},
  {"id":168,"from":"Kellen Crippin","email":"kcrippin4n@over-blog.com","received":"2020-05-11T17:05:46Z","subject":"erat quisque erat","content":"Aenean fermentum. Donec ut mauris eget massa tempor convallis. Nulla neque libero, convallis eget, eleifend luctus, ultricies eu, nibh. Quisque id justo sit amet sapien dignissim vestibulum. Vestibulum ante ipsum primis in faucibus orci luctus et ultrices posuere cubilia Curae; Nulla dapibus dolor vel est.","trash":false},
  {"id":169,"from":"Laney Brookwood","email":"lbrookwood4o@flickr.com","received":"2019-12-03T09:38:28Z","subject":"mauris sit amet","content":"Fusce consequat. Nulla nisl. Nunc nisl. Duis bibendum, felis sed interdum venenatis, turpis enim blandit mi, in porttitor pede justo eu massa. Donec dapibus. Duis at velit eu est congue elementum.","trash":true},
  {"id":170,"from":"Kimmie Gracey","email":"kgracey4p@ftc.gov","received":"2020-09-01T07:40:18Z","subject":"aliquet maecenas leo odio condimentum","content":"Etiam faucibus cursus urna. Ut tellus. Nulla ut erat id mauris vulputate elementum. Nullam varius.","trash":false},
  {"id":171,"from":"Law Ripper","email":"lripper4q@cdc.gov","received":"2020-02-16T04:47:56Z","subject":"morbi ut odio cras mi","content":"Pellentesque viverra pede ac diam. Cras pellentesque volutpat dui. Maecenas tristique, est et tempus semper, est quam pharetra magna, ac consequat metus sapien ut nunc. Vestibulum ante ipsum primis in faucibus orci luctus et ultrices posuere cubilia Curae; Mauris viverra diam vitae quam. Suspendisse potenti. Nullam porttitor lacus at turpis.","trash":false},
  {"id":172,"from":"Kendrick Windle","email":"kwindle4r@home.pl","received":"2020-10-30T22:29:06Z","subject":"in eleifend quam a","content":"Etiam pretium iaculis justo. In hac habitasse platea dictumst.","trash":true},
  {"id":173,"from":"Clementine Streather","email":"cstreather4s@reverbnation.com","received":"2020-02-06T23:47:18Z","subject":"curabitur at ipsum ac tellus","content":"Donec diam neque, vestibulum eget, vulputate ut, ultrices vel, augue. Vestibulum ante ipsum primis in faucibus orci luctus et ultrices posuere cubilia Curae; Donec pharetra, magna vestibulum aliquet ultrices, erat tortor sollicitudin mi, sit amet lobortis sapien sapien non mi. Integer ac neque.","trash":false},
  {"id":174,"from":"Eldredge Crick","email":"ecrick4t@dailymotion.com","received":"2020-01-24T10:05:24Z","subject":"dolor sit amet","content":"In est risus, auctor sed, tristique in, tempus sit amet, sem.","trash":true},
  {"id":175,"from":"Devi Mitchley","email":"dmitchley4u@nymag.com","received":"2020-07-05T18:42:03Z","subject":"nisl aenean lectus pellentesque","content":"Cras pellentesque volutpat dui. Maecenas tristique, est et tempus semper, est quam pharetra magna, ac consequat metus sapien ut nunc. Vestibulum ante ipsum primis in faucibus orci luctus et ultrices posuere cubilia Curae; Mauris viverra diam vitae quam. Suspendisse potenti.","trash":false},
  {"id":176,"from":"Amby Gabbett","email":"agabbett4v@elegantthemes.com","received":"2020-08-31T04:20:54Z","subject":"molestie hendrerit at","content":"Proin risus. Praesent lectus.","trash":true},
  {"id":177,"from":"Jonathon MacKeller","email":"jmackeller4w@homestead.com","received":"2020-09-29T05:59:10Z","subject":"iaculis congue vivamus metus","content":"Vestibulum rutrum rutrum neque. Aenean auctor gravida sem.","trash":false},
  {"id":178,"from":"Drusi Athey","email":"dathey4x@goo.gl","received":"2019-11-16T10:07:29Z","subject":"vitae nisl aenean lectus pellentesque","content":"Fusce posuere felis sed lacus. Morbi sem mauris, laoreet ut, rhoncus aliquet, pulvinar sed, nisl. Nunc rhoncus dui vel sem. Sed sagittis. Nam congue, risus semper porta volutpat, quam pede lobortis ligula, sit amet eleifend pede libero quis orci.","trash":false},
  {"id":179,"from":"Riley Graves","email":"rgraves4y@uol.com.br","received":"2020-08-18T23:11:17Z","subject":"in faucibus orci luctus et","content":"Nunc purus. Phasellus in felis. Donec semper sapien a libero. Nam dui.","trash":true},
  {"id":180,"from":"Bee Tomsa","email":"btomsa4z@google.es","received":"2020-10-20T07:51:56Z","subject":"venenatis tristique fusce","content":"Vestibulum sed magna at nunc commodo placerat.","trash":false},
  {"id":181,"from":"Blisse Tooby","email":"btooby50@people.com.cn","received":"2019-12-04T12:36:04Z","subject":"faucibus orci","content":"Aenean auctor gravida sem. Praesent id massa id nisl venenatis lacinia. Aenean sit amet justo. Morbi ut odio.","trash":true},
  {"id":182,"from":"Alyda Hamblin","email":"ahamblin51@goo.gl","received":"2020-08-19T18:42:56Z","subject":"volutpat erat quisque","content":"Vestibulum ac est lacinia nisi venenatis tristique. Fusce congue, diam id ornare imperdiet, sapien urna pretium nisl, ut volutpat sapien arcu sed augue. Aliquam erat volutpat. In congue. Etiam justo. Etiam pretium iaculis justo.","trash":false},
  {"id":183,"from":"Donny Haberfield","email":"dhaberfield52@blogger.com","received":"2020-05-26T19:42:41Z","subject":"tempor turpis nec euismod","content":"Nam nulla. Integer pede justo, lacinia eget, tincidunt eget, tempus vel, pede.","trash":true},
  {"id":184,"from":"Julietta Pardue","email":"jpardue53@netlog.com","received":"2019-12-19T04:16:02Z","subject":"id mauris vulputate elementum","content":"Donec vitae nisi. Nam ultrices, libero non mattis pulvinar, nulla pede ullamcorper augue, a suscipit nulla elit ac nulla.","trash":false},
  {"id":185,"from":"Alisa Brane","email":"abrane54@aol.com","received":"2020-03-09T07:07:42Z","subject":"lorem id ligula suspendisse ornare","content":"In est risus, auctor sed, tristique in, tempus sit amet, sem. Fusce consequat. Nulla nisl. Nunc nisl. Duis bibendum, felis sed interdum venenatis, turpis enim blandit mi, in porttitor pede justo eu massa.","trash":true},
  {"id":186,"from":"Jan Longega","email":"jlongega55@dropbox.com","received":"2020-08-03T21:01:05Z","subject":"habitasse platea dictumst maecenas","content":"Nulla ac enim.","trash":false},
  {"id":187,"from":"Marcelle Feveryear","email":"mfeveryear56@fastcompany.com","received":"2020-01-27T12:30:14Z","subject":"eget elit sodales scelerisque","content":"Sed accumsan felis.","trash":false},
  {"id":188,"from":"Rolfe Goulborn","email":"rgoulborn57@jiathis.com","received":"2020-01-16T10:58:56Z","subject":"ipsum primis in","content":"Nulla nisl. Nunc nisl. Duis bibendum, felis sed interdum venenatis, turpis enim blandit mi, in porttitor pede justo eu massa. Donec dapibus. Duis at velit eu est congue elementum.","trash":true},
  {"id":189,"from":"Gus Febre","email":"gfebre58@sakura.ne.jp","received":"2020-07-10T06:03:13Z","subject":"proin at turpis a","content":"Nulla neque libero, convallis eget, eleifend luctus, ultricies eu, nibh.","trash":true},
  {"id":190,"from":"Bibbie Maplesden","email":"bmaplesden59@intel.com","received":"2020-08-28T02:13:38Z","subject":"et ultrices posuere cubilia curae","content":"Quisque erat eros, viverra eget, congue eget, semper rutrum, nulla. Nunc purus. Phasellus in felis.","trash":false},
  {"id":191,"from":"Jess Teague","email":"jteague5a@lulu.com","received":"2020-10-04T17:23:00Z","subject":"curae duis","content":"Quisque porta volutpat erat. Quisque erat eros, viverra eget, congue eget, semper rutrum, nulla.","trash":true},
  {"id":192,"from":"Myrtia Euler","email":"meuler5b@scientificamerican.com","received":"2020-08-15T03:18:43Z","subject":"eros vestibulum ac est lacinia","content":"Cras in purus eu magna vulputate luctus. Cum sociis natoque penatibus et magnis dis parturient montes, nascetur ridiculus mus. Vivamus vestibulum sagittis sapien. Cum sociis natoque penatibus et magnis dis parturient montes, nascetur ridiculus mus.","trash":true},
  {"id":193,"from":"Norbert Folke","email":"nfolke5c@nature.com","received":"2020-07-11T04:42:32Z","subject":"metus vitae ipsum aliquam non","content":"Nulla suscipit ligula in lacus. Curabitur at ipsum ac tellus semper interdum.","trash":true},
  {"id":194,"from":"Isaak Moncrefe","email":"imoncrefe5d@dagondesign.com","received":"2020-01-31T19:17:34Z","subject":"erat volutpat in congue","content":"Vestibulum rutrum rutrum neque.","trash":true},
  {"id":195,"from":"Dela Bilbrey","email":"dbilbrey5e@wikia.com","received":"2020-09-07T03:06:26Z","subject":"vulputate justo in blandit","content":"Proin leo odio, porttitor id, consequat in, consequat ut, nulla. Sed accumsan felis. Ut at dolor quis odio consequat varius.","trash":false},
  {"id":196,"from":"Georgette Berthome","email":"gberthome5f@mashable.com","received":"2020-08-02T15:14:39Z","subject":"id justo sit","content":"Donec diam neque, vestibulum eget, vulputate ut, ultrices vel, augue. Vestibulum ante ipsum primis in faucibus orci luctus et ultrices posuere cubilia Curae; Donec pharetra, magna vestibulum aliquet ultrices, erat tortor sollicitudin mi, sit amet lobortis sapien sapien non mi. Integer ac neque.","trash":false},
  {"id":197,"from":"Mil Coneybeer","email":"mconeybeer5g@arizona.edu","received":"2020-10-19T23:55:02Z","subject":"nulla suspendisse potenti cras","content":"Vestibulum ante ipsum primis in faucibus orci luctus et ultrices posuere cubilia Curae; Mauris viverra diam vitae quam. Suspendisse potenti.","trash":true},
  {"id":198,"from":"Orelie BURWIN","email":"oburwin5h@studiopress.com","received":"2020-05-04T19:54:36Z","subject":"sagittis dui vel nisl","content":"Morbi a ipsum. Integer a nibh. In quis justo. Maecenas rhoncus aliquam lacus. Morbi quis tortor id nulla ultrices aliquet.","trash":false},
  {"id":199,"from":"Rock Abrams","email":"rabrams5i@yandex.ru","received":"2020-06-26T07:36:16Z","subject":"venenatis tristique","content":"Duis bibendum. Morbi non quam nec dui luctus rutrum. Nulla tellus. In sagittis dui vel nisl.","trash":true},
  {"id":200,"from":"Melina Piddlesden","email":"mpiddlesden5j@surveymonkey.com","received":"2020-03-26T19:07:28Z","subject":"ut massa volutpat","content":"Proin leo odio, porttitor id, consequat in, consequat ut, nulla. Sed accumsan felis. Ut at dolor quis odio consequat varius.","trash":false},
  {"id":201,"from":"Anni Ashenhurst","email":"aashenhurst5k@sfgate.com","received":"2020-06-27T12:55:57Z","subject":"vestibulum aliquet ultrices erat tortor","content":"Maecenas pulvinar lobortis est. Phasellus sit amet erat. Nulla tempus.","trash":false},
  {"id":202,"from":"Pauly Harold","email":"pharold5l@live.com","received":"2020-10-15T18:40:22Z","subject":"blandit nam nulla","content":"Ut tellus.","trash":true},
  {"id":203,"from":"Vanni Neathway","email":"vneathway5m@dedecms.com","received":"2020-07-24T20:13:36Z","subject":"diam vitae quam suspendisse","content":"Ut at dolor quis odio consequat varius. Integer ac leo.","trash":true},
  {"id":204,"from":"Ethel Thackston","email":"ethackston5n@who.int","received":"2019-11-07T04:26:03Z","subject":"morbi quis tortor id nulla","content":"Fusce congue, diam id ornare imperdiet, sapien urna pretium nisl, ut volutpat sapien arcu sed augue. Aliquam erat volutpat. In congue. Etiam justo. Etiam pretium iaculis justo. In hac habitasse platea dictumst.","trash":false},
  {"id":205,"from":"Jennilee Fishley","email":"jfishley5o@hubpages.com","received":"2020-07-14T21:39:40Z","subject":"pede libero","content":"Cras pellentesque volutpat dui. Maecenas tristique, est et tempus semper, est quam pharetra magna, ac consequat metus sapien ut nunc. Vestibulum ante ipsum primis in faucibus orci luctus et ultrices posuere cubilia Curae; Mauris viverra diam vitae quam. Suspendisse potenti. Nullam porttitor lacus at turpis.","trash":true},
  {"id":206,"from":"Zoe Szymanek","email":"zszymanek5p@devhub.com","received":"2020-05-20T04:47:41Z","subject":"donec vitae nisi nam","content":"Duis consequat dui nec nisi volutpat eleifend. Donec ut dolor. Morbi vel lectus in quam fringilla rhoncus. Mauris enim leo, rhoncus sed, vestibulum sit amet, cursus id, turpis. Integer aliquet, massa id lobortis convallis, tortor risus dapibus augue, vel accumsan tellus nisi eu orci. Mauris lacinia sapien quis libero.","trash":false},
  {"id":207,"from":"Ronny Jirusek","email":"rjirusek5q@stumbleupon.com","received":"2020-02-19T07:56:32Z","subject":"rutrum at lorem integer","content":"Nam ultrices, libero non mattis pulvinar, nulla pede ullamcorper augue, a suscipit nulla elit ac nulla. Sed vel enim sit amet nunc viverra dapibus. Nulla suscipit ligula in lacus. Curabitur at ipsum ac tellus semper interdum. Mauris ullamcorper purus sit amet nulla. Quisque arcu libero, rutrum ac, lobortis vel, dapibus at, diam.","trash":true},
  {"id":208,"from":"Isiahi Cuckoo","email":"icuckoo5r@rambler.ru","received":"2020-07-31T00:51:34Z","subject":"sapien cum","content":"Nunc rhoncus dui vel sem.","trash":false},
  {"id":209,"from":"Tootsie Kayne","email":"tkayne5s@army.mil","received":"2020-07-02T19:09:14Z","subject":"semper interdum mauris ullamcorper purus","content":"Morbi non quam nec dui luctus rutrum. Nulla tellus. In sagittis dui vel nisl. Duis ac nibh. Fusce lacus purus, aliquet at, feugiat non, pretium quis, lectus.","trash":true},
  {"id":210,"from":"Shanan Timmons","email":"stimmons5t@clickbank.net","received":"2020-01-31T03:39:56Z","subject":"in lectus pellentesque at","content":"Phasellus sit amet erat. Nulla tempus. Vivamus in felis eu sapien cursus vestibulum.","trash":false},
  {"id":211,"from":"Cam Muller","email":"cmuller5u@nih.gov","received":"2020-01-24T01:02:54Z","subject":"in felis donec","content":"Duis bibendum, felis sed interdum venenatis, turpis enim blandit mi, in porttitor pede justo eu massa.","trash":true},
  {"id":212,"from":"Winthrop Secret","email":"wsecret5v@prlog.org","received":"2020-10-21T14:19:44Z","subject":"suspendisse accumsan","content":"Aliquam augue quam, sollicitudin vitae, consectetuer eget, rutrum at, lorem. Integer tincidunt ante vel ipsum. Praesent blandit lacinia erat. Vestibulum sed magna at nunc commodo placerat.","trash":true},
  {"id":213,"from":"Twila O'Loughlin","email":"toloughlin5w@eepurl.com","received":"2020-11-02T05:35:27Z","subject":"eros viverra eget congue","content":"Quisque ut erat.","trash":true},
  {"id":214,"from":"Amber Maillard","email":"amaillard5x@pbs.org","received":"2020-09-01T12:21:31Z","subject":"tortor sollicitudin mi","content":"Duis aliquam convallis nunc. Proin at turpis a pede posuere nonummy. Integer non velit.","trash":false},
  {"id":215,"from":"Harp Sweetlove","email":"hsweetlove5y@opera.com","received":"2020-10-23T23:04:05Z","subject":"lacus curabitur at ipsum ac","content":"Integer ac neque. Duis bibendum. Morbi non quam nec dui luctus rutrum. Nulla tellus. In sagittis dui vel nisl. Duis ac nibh.","trash":false},
  {"id":216,"from":"Hoyt Accombe","email":"haccombe5z@example.com","received":"2020-06-04T20:45:16Z","subject":"fusce congue diam","content":"Mauris enim leo, rhoncus sed, vestibulum sit amet, cursus id, turpis. Integer aliquet, massa id lobortis convallis, tortor risus dapibus augue, vel accumsan tellus nisi eu orci.","trash":true},
  {"id":217,"from":"Wyatt MacAskill","email":"wmacaskill60@wikipedia.org","received":"2020-04-28T12:15:28Z","subject":"augue luctus tincidunt nulla mollis","content":"Fusce lacus purus, aliquet at, feugiat non, pretium quis, lectus. Suspendisse potenti. In eleifend quam a odio. In hac habitasse platea dictumst. Maecenas ut massa quis augue luctus tincidunt.","trash":false},
  {"id":218,"from":"Liesa Hurdiss","email":"lhurdiss61@myspace.com","received":"2020-01-03T14:50:12Z","subject":"sed accumsan felis","content":"Duis mattis egestas metus. Aenean fermentum. Donec ut mauris eget massa tempor convallis. Nulla neque libero, convallis eget, eleifend luctus, ultricies eu, nibh. Quisque id justo sit amet sapien dignissim vestibulum. Vestibulum ante ipsum primis in faucibus orci luctus et ultrices posuere cubilia Curae; Nulla dapibus dolor vel est.","trash":false},
  {"id":219,"from":"Pier Calbreath","email":"pcalbreath62@mayoclinic.com","received":"2020-08-29T16:30:09Z","subject":"facilisi cras","content":"Aenean sit amet justo. Morbi ut odio. Cras mi pede, malesuada in, imperdiet et, commodo vulputate, justo. In blandit ultrices enim. Lorem ipsum dolor sit amet, consectetuer adipiscing elit. Proin interdum mauris non ligula pellentesque ultrices.","trash":true},
  {"id":220,"from":"Case Oldfield-Cherry","email":"coldfieldcherry63@oracle.com","received":"2020-01-05T09:59:19Z","subject":"sed interdum venenatis turpis","content":"Suspendisse ornare consequat lectus.","trash":false},
  {"id":221,"from":"Giovanna Earnshaw","email":"gearnshaw64@ocn.ne.jp","received":"2020-03-25T22:34:02Z","subject":"tristique est et tempus semper","content":"Vestibulum ante ipsum primis in faucibus orci luctus et ultrices posuere cubilia Curae; Donec pharetra, magna vestibulum aliquet ultrices, erat tortor sollicitudin mi, sit amet lobortis sapien sapien non mi. Integer ac neque. Duis bibendum. Morbi non quam nec dui luctus rutrum. Nulla tellus.","trash":true},
  {"id":222,"from":"Hamil Henriquet","email":"hhenriquet65@toplist.cz","received":"2020-06-23T07:29:49Z","subject":"ullamcorper augue","content":"Nam ultrices, libero non mattis pulvinar, nulla pede ullamcorper augue, a suscipit nulla elit ac nulla. Sed vel enim sit amet nunc viverra dapibus. Nulla suscipit ligula in lacus.","trash":true},
  {"id":223,"from":"Peggy Glasheen","email":"pglasheen66@edublogs.org","received":"2020-05-30T20:34:08Z","subject":"ipsum primis in faucibus orci","content":"Vestibulum ante ipsum primis in faucibus orci luctus et ultrices posuere cubilia Curae; Duis faucibus accumsan odio. Curabitur convallis.","trash":false},
  {"id":224,"from":"Wynn Izakov","email":"wizakov67@admin.ch","received":"2020-09-30T07:08:42Z","subject":"hac habitasse","content":"Aenean auctor gravida sem. Praesent id massa id nisl venenatis lacinia.","trash":true},
  {"id":225,"from":"Richie De Atta","email":"rde68@elpais.com","received":"2020-01-15T21:14:42Z","subject":"vestibulum eget vulputate","content":"Etiam faucibus cursus urna. Ut tellus. Nulla ut erat id mauris vulputate elementum. Nullam varius. Nulla facilisi.","trash":true},
  {"id":226,"from":"Heidie Olwen","email":"holwen69@blog.com","received":"2020-02-11T22:18:20Z","subject":"tempor convallis nulla","content":"Duis bibendum, felis sed interdum venenatis, turpis enim blandit mi, in porttitor pede justo eu massa. Donec dapibus. Duis at velit eu est congue elementum. In hac habitasse platea dictumst. Morbi vestibulum, velit id pretium iaculis, diam erat fermentum justo, nec condimentum neque sapien placerat ante.","trash":true},
  {"id":227,"from":"Darline Forryan","email":"dforryan6a@twitpic.com","received":"2020-02-25T03:46:15Z","subject":"a odio in hac","content":"Mauris ullamcorper purus sit amet nulla. Quisque arcu libero, rutrum ac, lobortis vel, dapibus at, diam. Nam tristique tortor eu pede.","trash":true},
  {"id":228,"from":"Dino Looker","email":"dlooker6b@geocities.jp","received":"2020-01-07T06:38:18Z","subject":"eros viverra eget congue","content":"Integer tincidunt ante vel ipsum. Praesent blandit lacinia erat. Vestibulum sed magna at nunc commodo placerat. Praesent blandit.","trash":true},
  {"id":229,"from":"Moll Eustanch","email":"meustanch6c@wunderground.com","received":"2020-09-12T21:23:28Z","subject":"donec odio justo sollicitudin","content":"Donec semper sapien a libero. Nam dui. Proin leo odio, porttitor id, consequat in, consequat ut, nulla. Sed accumsan felis. Ut at dolor quis odio consequat varius.","trash":true},
  {"id":230,"from":"Bonnibelle Wickwar","email":"bwickwar6d@soundcloud.com","received":"2019-12-29T16:30:35Z","subject":"donec pharetra magna vestibulum aliquet","content":"Integer pede justo, lacinia eget, tincidunt eget, tempus vel, pede.","trash":false},
  {"id":231,"from":"Morna Raddon","email":"mraddon6e@utexas.edu","received":"2020-08-10T01:56:04Z","subject":"venenatis non","content":"Nam congue, risus semper porta volutpat, quam pede lobortis ligula, sit amet eleifend pede libero quis orci. Nullam molestie nibh in lectus. Pellentesque at nulla. Suspendisse potenti. Cras in purus eu magna vulputate luctus.","trash":true},
  {"id":232,"from":"Persis Masser","email":"pmasser6f@mapy.cz","received":"2020-09-11T04:20:44Z","subject":"id lobortis convallis tortor","content":"Proin at turpis a pede posuere nonummy. Integer non velit. Donec diam neque, vestibulum eget, vulputate ut, ultrices vel, augue. Vestibulum ante ipsum primis in faucibus orci luctus et ultrices posuere cubilia Curae; Donec pharetra, magna vestibulum aliquet ultrices, erat tortor sollicitudin mi, sit amet lobortis sapien sapien non mi. Integer ac neque.","trash":true},
  {"id":233,"from":"Bertina Oke","email":"boke6g@vinaora.com","received":"2020-02-04T23:31:29Z","subject":"luctus cum sociis natoque penatibus","content":"Duis ac nibh. Fusce lacus purus, aliquet at, feugiat non, pretium quis, lectus. Suspendisse potenti. In eleifend quam a odio. In hac habitasse platea dictumst. Maecenas ut massa quis augue luctus tincidunt.","trash":true},
  {"id":234,"from":"Vite Bosward","email":"vbosward6h@cocolog-nifty.com","received":"2019-12-07T03:39:36Z","subject":"consectetuer adipiscing elit","content":"Integer aliquet, massa id lobortis convallis, tortor risus dapibus augue, vel accumsan tellus nisi eu orci. Mauris lacinia sapien quis libero. Nullam sit amet turpis elementum ligula vehicula consequat.","trash":true},
  {"id":235,"from":"Barnie Tapenden","email":"btapenden6i@netlog.com","received":"2020-10-03T17:46:04Z","subject":"ante vestibulum ante ipsum","content":"Etiam justo. Etiam pretium iaculis justo. In hac habitasse platea dictumst. Etiam faucibus cursus urna. Ut tellus.","trash":false},
  {"id":236,"from":"Talbot Gradwell","email":"tgradwell6j@google.co.jp","received":"2020-09-16T02:52:52Z","subject":"justo in","content":"Sed accumsan felis. Ut at dolor quis odio consequat varius. Integer ac leo. Pellentesque ultrices mattis odio.","trash":false},
  {"id":237,"from":"Allene Gergus","email":"agergus6k@squidoo.com","received":"2019-11-12T05:21:29Z","subject":"sapien sapien non mi integer","content":"In quis justo.","trash":true},
  {"id":238,"from":"Ebeneser Barendtsen","email":"ebarendtsen6l@thetimes.co.uk","received":"2020-05-17T06:29:26Z","subject":"risus semper porta volutpat quam","content":"Morbi non quam nec dui luctus rutrum. Nulla tellus. In sagittis dui vel nisl. Duis ac nibh. Fusce lacus purus, aliquet at, feugiat non, pretium quis, lectus.","trash":true},
  {"id":239,"from":"Avictor Pesic","email":"apesic6m@digg.com","received":"2020-01-28T12:09:22Z","subject":"vel sem sed sagittis","content":"Donec dapibus. Duis at velit eu est congue elementum. In hac habitasse platea dictumst. Morbi vestibulum, velit id pretium iaculis, diam erat fermentum justo, nec condimentum neque sapien placerat ante. Nulla justo. Aliquam quis turpis eget elit sodales scelerisque.","trash":false},
  {"id":240,"from":"Brian Bott","email":"bbott6n@ted.com","received":"2019-11-12T07:21:45Z","subject":"cursus vestibulum proin eu mi","content":"Sed sagittis. Nam congue, risus semper porta volutpat, quam pede lobortis ligula, sit amet eleifend pede libero quis orci. Nullam molestie nibh in lectus.","trash":false},
  {"id":241,"from":"Krishna Morat","email":"kmorat6o@ibm.com","received":"2020-05-13T01:33:06Z","subject":"viverra pede ac diam cras","content":"Morbi odio odio, elementum eu, interdum eu, tincidunt in, leo.","trash":true},
  {"id":242,"from":"Broderic Kempe","email":"bkempe6p@zimbio.com","received":"2020-07-17T21:12:43Z","subject":"curabitur convallis duis consequat","content":"Donec posuere metus vitae ipsum. Aliquam non mauris. Morbi non lectus.","trash":true},
  {"id":243,"from":"Atlanta Voss","email":"avoss6q@mayoclinic.com","received":"2020-10-30T23:30:51Z","subject":"aliquam non mauris morbi","content":"Aenean lectus. Pellentesque eget nunc. Donec quis orci eget orci vehicula condimentum.","trash":true},
  {"id":244,"from":"Carl Kleinbaum","email":"ckleinbaum6r@lulu.com","received":"2020-08-18T15:07:14Z","subject":"ultrices posuere","content":"Morbi vestibulum, velit id pretium iaculis, diam erat fermentum justo, nec condimentum neque sapien placerat ante. Nulla justo.","trash":true},
  {"id":245,"from":"Mimi Smissen","email":"msmissen6s@google.es","received":"2020-01-01T09:22:07Z","subject":"amet sapien","content":"Vestibulum ante ipsum primis in faucibus orci luctus et ultrices posuere cubilia Curae; Donec pharetra, magna vestibulum aliquet ultrices, erat tortor sollicitudin mi, sit amet lobortis sapien sapien non mi. Integer ac neque. Duis bibendum. Morbi non quam nec dui luctus rutrum.","trash":false},
  {"id":246,"from":"Zahara Jayme","email":"zjayme6t@bloomberg.com","received":"2020-03-04T16:16:15Z","subject":"luctus et ultrices posuere","content":"Vivamus vestibulum sagittis sapien. Cum sociis natoque penatibus et magnis dis parturient montes, nascetur ridiculus mus. Etiam vel augue.","trash":false},
  {"id":247,"from":"Genevieve Spink","email":"gspink6u@ameblo.jp","received":"2020-01-23T20:49:18Z","subject":"ultrices posuere cubilia curae","content":"Nulla tempus. Vivamus in felis eu sapien cursus vestibulum. Proin eu mi. Nulla ac enim. In tempor, turpis nec euismod scelerisque, quam turpis adipiscing lorem, vitae mattis nibh ligula nec sem. Duis aliquam convallis nunc.","trash":false},
  {"id":248,"from":"Rozina Battram","email":"rbattram6v@cbsnews.com","received":"2020-05-03T03:04:10Z","subject":"posuere cubilia curae donec pharetra","content":"Duis ac nibh. Fusce lacus purus, aliquet at, feugiat non, pretium quis, lectus. Suspendisse potenti.","trash":false},
  {"id":249,"from":"Em Elis","email":"eelis6w@networksolutions.com","received":"2020-09-21T08:47:04Z","subject":"vitae consectetuer eget rutrum at","content":"In hac habitasse platea dictumst. Morbi vestibulum, velit id pretium iaculis, diam erat fermentum justo, nec condimentum neque sapien placerat ante. Nulla justo. Aliquam quis turpis eget elit sodales scelerisque.","trash":false},
  {"id":250,"from":"Lorianna Marryatt","email":"lmarryatt6x@cnbc.com","received":"2020-04-23T14:15:27Z","subject":"nisi nam ultrices libero","content":"In hac habitasse platea dictumst. Morbi vestibulum, velit id pretium iaculis, diam erat fermentum justo, nec condimentum neque sapien placerat ante. Nulla justo. Aliquam quis turpis eget elit sodales scelerisque. Mauris sit amet eros. Suspendisse accumsan tortor quis turpis.","trash":false},
  {"id":251,"from":"Budd Stuchburie","email":"bstuchburie6y@bing.com","received":"2020-04-17T17:37:05Z","subject":"ac consequat metus","content":"Nullam sit amet turpis elementum ligula vehicula consequat. Morbi a ipsum. Integer a nibh.","trash":false},
  {"id":252,"from":"Worthy Bealing","email":"wbealing6z@skype.com","received":"2020-02-07T03:59:05Z","subject":"pede ullamcorper augue a","content":"Vestibulum ante ipsum primis in faucibus orci luctus et ultrices posuere cubilia Curae; Donec pharetra, magna vestibulum aliquet ultrices, erat tortor sollicitudin mi, sit amet lobortis sapien sapien non mi. Integer ac neque. Duis bibendum.","trash":false},
  {"id":253,"from":"Ive Gabbidon","email":"igabbidon70@a8.net","received":"2020-04-17T19:35:07Z","subject":"sapien placerat ante nulla justo","content":"Aenean fermentum. Donec ut mauris eget massa tempor convallis. Nulla neque libero, convallis eget, eleifend luctus, ultricies eu, nibh.","trash":false},
  {"id":254,"from":"Granger Meaney","email":"gmeaney71@hugedomains.com","received":"2020-01-27T09:15:43Z","subject":"nascetur ridiculus mus etiam","content":"Lorem ipsum dolor sit amet, consectetuer adipiscing elit. Proin risus.","trash":true},
  {"id":255,"from":"Corissa Cullnean","email":"ccullnean72@diigo.com","received":"2020-10-14T19:06:59Z","subject":"ut blandit","content":"Integer non velit. Donec diam neque, vestibulum eget, vulputate ut, ultrices vel, augue. Vestibulum ante ipsum primis in faucibus orci luctus et ultrices posuere cubilia Curae; Donec pharetra, magna vestibulum aliquet ultrices, erat tortor sollicitudin mi, sit amet lobortis sapien sapien non mi.","trash":false},
  {"id":256,"from":"Granny Phelips","email":"gphelips73@smugmug.com","received":"2020-03-02T13:31:36Z","subject":"nonummy maecenas tincidunt","content":"Mauris ullamcorper purus sit amet nulla. Quisque arcu libero, rutrum ac, lobortis vel, dapibus at, diam. Nam tristique tortor eu pede.","trash":false}
]